title,permalink,body,published_at,filter,categories,tags,jenis,brand,description,image,product,price,sku,kondisi
Jual Sepatu Boots Pria - MP 064 Murah,sepatu-boots-pria-mp-064,"
     <div class=""product-details""><!--product-details-->
      <div class=""col-sm-5"">
       <div class=""view-product"">
        <img src=""{{ page.image }}"" alt=""{{ page.product }}"" title=""{{ page.product }}"" />
        <h3><a style=""text-decoration: none; color: #ffffff"" href=""{{ page.image }}"" target=""_blank"" title=""Klik disini untuk memperbesar"">ZOOM</a></h3>
       </div>
      </div>

      <div class=""col-sm-7"">
       <div class=""product-information""><!--/product-information-->
        <h1>{{ page.product }}</h1>
        <p>SKU: {{ page.sku }}</p>
        <img src=""{{ site.url }}/img/rating.png"" alt=""rating"" title=""rating"" /><br>
        <span>
         <span>{{ page.price }}</span>        
         <label>Stok:<a href=""http://stok.lipatan.com"" target=""_blank"" title=""Cek Stok"">
          <script type=""text/javascript"">
          <!--
          document.write(unescape('%3c%62%75%74%74%6f%6e%20%74%79%70%65%3d%22%62%75%74%74%6f%6e%22%20%63%6c%61%73%73%3d%22%62%74%6e%20%62%74%6e%2d%66%65%66%61%75%6c%74%20%63%61%72%74%22%3e%09%09%09%09%09%09%09%09%09%09%3c%69%20%63%6c%61%73%73%3d%22%66%61%20%66%61%2d%73%68%6f%70%70%69%6e%67%2d%63%61%72%74%22%3e%3c%2f%69%3e%09%09%09%09%09%09%09%09%09%09%43%65%6b%20%53%74%6f%6b%3c%2f%62%75%74%74%6f%6e%3e'));
          //-->
          </script>
          </a>
         </label>
        </span>
        <p><b>Kondisi:</b> {{ page.kondisi }}</p>
        <p><b>Deskripsi:</b> {{ page.description }}</p>
        {% include buy.html %}
       </div><!--/product-information-->
      </div>
     </div><!--/product-details-->
     
     <div class=""category-tab shop-details-tab""><!--category-tab-->
      <div class=""col-sm-12"">
       <ul class=""nav nav-tabs"">
        <li class=""active""><a href=""{{ site.url }}{{ page.url }}#keterangan"" data-toggle=""tab"" title=""Keterangan"">Keterangan</a></li>        
       </ul>
      </div>
      <div class=""tab-content"">
       <div class=""tab-pane fade active in"" id=""keterangan"" >
        <div class=""col-sm-12"">
         <h2>{{ page.product }}</h2>         
         <ol class=""breadcrumb"">
            <li class=""active"">Tag :</li>
            <li><a href=""{{ site.url }}/{{ page.jenis }}"" title=""{{ page.jenis }}"">{{ page.jenis }}</a></li>
            <li><a href=""{{ site.url }}/{{ page.brand }}"" title=""{{ page.brand }}"">{{ page.brand }}</a></li>  
         </ol>         
         <p>Tampil trendy dengan Sepatu Boots Pria merek Catenzo. Brand fashion asal Bandung. Cocok untuk hadiah orang yang Anda sayangi agar terlihat lebih gaya, tampil berbeda dan percaya diri. Sepatu Boots Pria - MP 064 dengan bahan LEATHER ini dijamin awet.<br/>Kode : MP 064<br/>Warna : COKLAT<br/>Bahan : LEATHER<br/>Ukuran : 38 - 43<br/>Berat : 1.4 kg<br/>Sol : TPR<br/>Heels : <br>
         </p>

         <p style=""background-color: #5cb85c; color: #ffffff; padding: 5px; text-align: center; display: inline-block; box-shadow: 0 1px 3px rgba(0,0,0,0.12), 0 1px 2px rgba(0,0,0,0.24);"">
         Gudang : WRH-1<br>
         Lokasi : Bandung</p>

         {% include share.html %}

         {% include disqus.html %}
         
        </div>
       </div>       
       
      </div>
     </div><!--/category-tab-->",2017-08-23,html,sepatu-boots-pria,catenzo,sepatu-boots-pria,catenzo,"Sepatu Boots Pria Bahan LEATHER, Ukuran 38 - 43, Warna COKLAT",https://images.lipatan.com/katalog-catenzo-2017/foto-produk-satuan/68-mp-064.jpg,Sepatu Boots Pria - MP 064,Rp 229.900,MP 064,Baru
Jual Sepatu Boots Pria - MP 006 Murah,sepatu-boots-pria-mp-006,"
     <div class=""product-details""><!--product-details-->
      <div class=""col-sm-5"">
       <div class=""view-product"">
        <img src=""{{ page.image }}"" alt=""{{ page.product }}"" title=""{{ page.product }}"" />
        <h3><a style=""text-decoration: none; color: #ffffff"" href=""{{ page.image }}"" target=""_blank"" title=""Klik disini untuk memperbesar"">ZOOM</a></h3>
       </div>
      </div>

      <div class=""col-sm-7"">
       <div class=""product-information""><!--/product-information-->
        <h1>{{ page.product }}</h1>
        <p>SKU: {{ page.sku }}</p>
        <img src=""{{ site.url }}/img/rating.png"" alt=""rating"" title=""rating"" /><br>
        <span>
         <span>{{ page.price }}</span>        
         <label>Stok:<a href=""http://stok.lipatan.com"" target=""_blank"" title=""Cek Stok"">
          <script type=""text/javascript"">
          <!--
          document.write(unescape('%3c%62%75%74%74%6f%6e%20%74%79%70%65%3d%22%62%75%74%74%6f%6e%22%20%63%6c%61%73%73%3d%22%62%74%6e%20%62%74%6e%2d%66%65%66%61%75%6c%74%20%63%61%72%74%22%3e%09%09%09%09%09%09%09%09%09%09%3c%69%20%63%6c%61%73%73%3d%22%66%61%20%66%61%2d%73%68%6f%70%70%69%6e%67%2d%63%61%72%74%22%3e%3c%2f%69%3e%09%09%09%09%09%09%09%09%09%09%43%65%6b%20%53%74%6f%6b%3c%2f%62%75%74%74%6f%6e%3e'));
          //-->
          </script>
          </a>
         </label>
        </span>
        <p><b>Kondisi:</b> {{ page.kondisi }}</p>
        <p><b>Deskripsi:</b> {{ page.description }}</p>
        {% include buy.html %}
       </div><!--/product-information-->
      </div>
     </div><!--/product-details-->
     
     <div class=""category-tab shop-details-tab""><!--category-tab-->
      <div class=""col-sm-12"">
       <ul class=""nav nav-tabs"">
        <li class=""active""><a href=""{{ site.url }}{{ page.url }}#keterangan"" data-toggle=""tab"" title=""Keterangan"">Keterangan</a></li>        
       </ul>
      </div>
      <div class=""tab-content"">
       <div class=""tab-pane fade active in"" id=""keterangan"" >
        <div class=""col-sm-12"">
         <h2>{{ page.product }}</h2>         
         <ol class=""breadcrumb"">
            <li class=""active"">Tag :</li>
            <li><a href=""{{ site.url }}/{{ page.jenis }}"" title=""{{ page.jenis }}"">{{ page.jenis }}</a></li>
            <li><a href=""{{ site.url }}/{{ page.brand }}"" title=""{{ page.brand }}"">{{ page.brand }}</a></li>  
         </ol>         
         <p>Tampil trendy dengan Sepatu Boots Pria merek Catenzo. Brand fashion asal Bandung. Cocok untuk hadiah orang yang Anda sayangi agar terlihat lebih gaya, tampil berbeda dan percaya diri. Sepatu Boots Pria - MP 006 dengan bahan LEATHER ini dijamin awet.<br/>Kode : MP 006<br/>Warna : COKLAT<br/>Bahan : LEATHER<br/>Ukuran : 38 - 43<br/>Berat : 1.4 kg<br/>Sol : RUBBER<br/>Heels : <br>
         </p>

         <p style=""background-color: #5cb85c; color: #ffffff; padding: 5px; text-align: center; display: inline-block; box-shadow: 0 1px 3px rgba(0,0,0,0.12), 0 1px 2px rgba(0,0,0,0.24);"">
         Gudang : WRH-1<br>
         Lokasi : Bandung</p>

         {% include share.html %}

         {% include disqus.html %}
         
        </div>
       </div>       
       
      </div>
     </div><!--/category-tab-->",2017-08-23,html,sepatu-boots-pria,catenzo,sepatu-boots-pria,catenzo,"Sepatu Boots Pria Bahan LEATHER, Ukuran 38 - 43, Warna COKLAT",https://images.lipatan.com/katalog-catenzo-2017/foto-produk-satuan/69-mp-006.jpg,Sepatu Boots Pria - MP 006,Rp 262.900,MP 006,Baru
Jual Sepatu Boots Pria - MP 009 Murah,sepatu-boots-pria-mp-009,"
     <div class=""product-details""><!--product-details-->
      <div class=""col-sm-5"">
       <div class=""view-product"">
        <img src=""{{ page.image }}"" alt=""{{ page.product }}"" title=""{{ page.product }}"" />
        <h3><a style=""text-decoration: none; color: #ffffff"" href=""{{ page.image }}"" target=""_blank"" title=""Klik disini untuk memperbesar"">ZOOM</a></h3>
       </div>
      </div>

      <div class=""col-sm-7"">
       <div class=""product-information""><!--/product-information-->
        <h1>{{ page.product }}</h1>
        <p>SKU: {{ page.sku }}</p>
        <img src=""{{ site.url }}/img/rating.png"" alt=""rating"" title=""rating"" /><br>
        <span>
         <span>{{ page.price }}</span>        
         <label>Stok:<a href=""http://stok.lipatan.com"" target=""_blank"" title=""Cek Stok"">
          <script type=""text/javascript"">
          <!--
          document.write(unescape('%3c%62%75%74%74%6f%6e%20%74%79%70%65%3d%22%62%75%74%74%6f%6e%22%20%63%6c%61%73%73%3d%22%62%74%6e%20%62%74%6e%2d%66%65%66%61%75%6c%74%20%63%61%72%74%22%3e%09%09%09%09%09%09%09%09%09%09%3c%69%20%63%6c%61%73%73%3d%22%66%61%20%66%61%2d%73%68%6f%70%70%69%6e%67%2d%63%61%72%74%22%3e%3c%2f%69%3e%09%09%09%09%09%09%09%09%09%09%43%65%6b%20%53%74%6f%6b%3c%2f%62%75%74%74%6f%6e%3e'));
          //-->
          </script>
          </a>
         </label>
        </span>
        <p><b>Kondisi:</b> {{ page.kondisi }}</p>
        <p><b>Deskripsi:</b> {{ page.description }}</p>
        {% include buy.html %}
       </div><!--/product-information-->
      </div>
     </div><!--/product-details-->
     
     <div class=""category-tab shop-details-tab""><!--category-tab-->
      <div class=""col-sm-12"">
       <ul class=""nav nav-tabs"">
        <li class=""active""><a href=""{{ site.url }}{{ page.url }}#keterangan"" data-toggle=""tab"" title=""Keterangan"">Keterangan</a></li>        
       </ul>
      </div>
      <div class=""tab-content"">
       <div class=""tab-pane fade active in"" id=""keterangan"" >
        <div class=""col-sm-12"">
         <h2>{{ page.product }}</h2>         
         <ol class=""breadcrumb"">
            <li class=""active"">Tag :</li>
            <li><a href=""{{ site.url }}/{{ page.jenis }}"" title=""{{ page.jenis }}"">{{ page.jenis }}</a></li>
            <li><a href=""{{ site.url }}/{{ page.brand }}"" title=""{{ page.brand }}"">{{ page.brand }}</a></li>  
         </ol>         
         <p>Tampil trendy dengan Sepatu Boots Pria merek Catenzo. Brand fashion asal Bandung. Cocok untuk hadiah orang yang Anda sayangi agar terlihat lebih gaya, tampil berbeda dan percaya diri. Sepatu Boots Pria - MP 009 dengan bahan LEATHER ini dijamin awet.<br/>Kode : MP 009<br/>Warna : COKLAT<br/>Bahan : LEATHER<br/>Ukuran : 38 - 43<br/>Berat : 1.4 kg<br/>Sol : RUBBER<br/>Heels : <br>
         </p>

         <p style=""background-color: #5cb85c; color: #ffffff; padding: 5px; text-align: center; display: inline-block; box-shadow: 0 1px 3px rgba(0,0,0,0.12), 0 1px 2px rgba(0,0,0,0.24);"">
         Gudang : WRH-1<br>
         Lokasi : Bandung</p>

         {% include share.html %}

         {% include disqus.html %}
         
        </div>
       </div>       
       
      </div>
     </div><!--/category-tab-->",2017-08-23,html,sepatu-boots-pria,catenzo,sepatu-boots-pria,catenzo,"Sepatu Boots Pria Bahan LEATHER, Ukuran 38 - 43, Warna COKLAT",https://images.lipatan.com/katalog-catenzo-2017/foto-produk-satuan/70-mp-009.jpg,Sepatu Boots Pria - MP 009,Rp 304.900,MP 009,Baru
Jual Sepatu Boots Pria - MP 165 Murah,sepatu-boots-pria-mp-165,"
     <div class=""product-details""><!--product-details-->
      <div class=""col-sm-5"">
       <div class=""view-product"">
        <img src=""{{ page.image }}"" alt=""{{ page.product }}"" title=""{{ page.product }}"" />
        <h3><a style=""text-decoration: none; color: #ffffff"" href=""{{ page.image }}"" target=""_blank"" title=""Klik disini untuk memperbesar"">ZOOM</a></h3>
       </div>
      </div>

      <div class=""col-sm-7"">
       <div class=""product-information""><!--/product-information-->
        <h1>{{ page.product }}</h1>
        <p>SKU: {{ page.sku }}</p>
        <img src=""{{ site.url }}/img/rating.png"" alt=""rating"" title=""rating"" /><br>
        <span>
         <span>{{ page.price }}</span>        
         <label>Stok:<a href=""http://stok.lipatan.com"" target=""_blank"" title=""Cek Stok"">
          <script type=""text/javascript"">
          <!--
          document.write(unescape('%3c%62%75%74%74%6f%6e%20%74%79%70%65%3d%22%62%75%74%74%6f%6e%22%20%63%6c%61%73%73%3d%22%62%74%6e%20%62%74%6e%2d%66%65%66%61%75%6c%74%20%63%61%72%74%22%3e%09%09%09%09%09%09%09%09%09%09%3c%69%20%63%6c%61%73%73%3d%22%66%61%20%66%61%2d%73%68%6f%70%70%69%6e%67%2d%63%61%72%74%22%3e%3c%2f%69%3e%09%09%09%09%09%09%09%09%09%09%43%65%6b%20%53%74%6f%6b%3c%2f%62%75%74%74%6f%6e%3e'));
          //-->
          </script>
          </a>
         </label>
        </span>
        <p><b>Kondisi:</b> {{ page.kondisi }}</p>
        <p><b>Deskripsi:</b> {{ page.description }}</p>
        {% include buy.html %}
       </div><!--/product-information-->
      </div>
     </div><!--/product-details-->
     
     <div class=""category-tab shop-details-tab""><!--category-tab-->
      <div class=""col-sm-12"">
       <ul class=""nav nav-tabs"">
        <li class=""active""><a href=""{{ site.url }}{{ page.url }}#keterangan"" data-toggle=""tab"" title=""Keterangan"">Keterangan</a></li>        
       </ul>
      </div>
      <div class=""tab-content"">
       <div class=""tab-pane fade active in"" id=""keterangan"" >
        <div class=""col-sm-12"">
         <h2>{{ page.product }}</h2>         
         <ol class=""breadcrumb"">
            <li class=""active"">Tag :</li>
            <li><a href=""{{ site.url }}/{{ page.jenis }}"" title=""{{ page.jenis }}"">{{ page.jenis }}</a></li>
            <li><a href=""{{ site.url }}/{{ page.brand }}"" title=""{{ page.brand }}"">{{ page.brand }}</a></li>  
         </ol>         
         <p>Tampil trendy dengan Sepatu Boots Pria merek Catenzo. Brand fashion asal Bandung. Cocok untuk hadiah orang yang Anda sayangi agar terlihat lebih gaya, tampil berbeda dan percaya diri. Sepatu Boots Pria - MP 165 dengan bahan LEATHER ini dijamin awet.<br/>Kode : MP 165<br/>Warna : COKLAT<br/>Bahan : LEATHER<br/>Ukuran : 38 - 43<br/>Berat : 1.4 kg<br/>Sol : TPR<br/>Heels : <br>
         </p>

         <p style=""background-color: #5cb85c; color: #ffffff; padding: 5px; text-align: center; display: inline-block; box-shadow: 0 1px 3px rgba(0,0,0,0.12), 0 1px 2px rgba(0,0,0,0.24);"">
         Gudang : WRH-1<br>
         Lokasi : Bandung</p>

         {% include share.html %}

         {% include disqus.html %}
         
        </div>
       </div>       
       
      </div>
     </div><!--/category-tab-->",2017-08-23,html,sepatu-boots-pria,catenzo,sepatu-boots-pria,catenzo,"Sepatu Boots Pria Bahan LEATHER, Ukuran 38 - 43, Warna COKLAT",https://images.lipatan.com/katalog-catenzo-2017/foto-produk-satuan/71-mp-165.jpg,Sepatu Boots Pria - MP 165,Rp 264.400,MP 165,Baru
Jual Sepatu Boots Pria - GG 003 Murah,sepatu-boots-pria-gg-003,"
     <div class=""product-details""><!--product-details-->
      <div class=""col-sm-5"">
       <div class=""view-product"">
        <img src=""{{ page.image }}"" alt=""{{ page.product }}"" title=""{{ page.product }}"" />
        <h3><a style=""text-decoration: none; color: #ffffff"" href=""{{ page.image }}"" target=""_blank"" title=""Klik disini untuk memperbesar"">ZOOM</a></h3>
       </div>
      </div>

      <div class=""col-sm-7"">
       <div class=""product-information""><!--/product-information-->
        <h1>{{ page.product }}</h1>
        <p>SKU: {{ page.sku }}</p>
        <img src=""{{ site.url }}/img/rating.png"" alt=""rating"" title=""rating"" /><br>
        <span>
         <span>{{ page.price }}</span>        
         <label>Stok:<a href=""http://stok.lipatan.com"" target=""_blank"" title=""Cek Stok"">
          <script type=""text/javascript"">
          <!--
          document.write(unescape('%3c%62%75%74%74%6f%6e%20%74%79%70%65%3d%22%62%75%74%74%6f%6e%22%20%63%6c%61%73%73%3d%22%62%74%6e%20%62%74%6e%2d%66%65%66%61%75%6c%74%20%63%61%72%74%22%3e%09%09%09%09%09%09%09%09%09%09%3c%69%20%63%6c%61%73%73%3d%22%66%61%20%66%61%2d%73%68%6f%70%70%69%6e%67%2d%63%61%72%74%22%3e%3c%2f%69%3e%09%09%09%09%09%09%09%09%09%09%43%65%6b%20%53%74%6f%6b%3c%2f%62%75%74%74%6f%6e%3e'));
          //-->
          </script>
          </a>
         </label>
        </span>
        <p><b>Kondisi:</b> {{ page.kondisi }}</p>
        <p><b>Deskripsi:</b> {{ page.description }}</p>
        {% include buy.html %}
       </div><!--/product-information-->
      </div>
     </div><!--/product-details-->
     
     <div class=""category-tab shop-details-tab""><!--category-tab-->
      <div class=""col-sm-12"">
       <ul class=""nav nav-tabs"">
        <li class=""active""><a href=""{{ site.url }}{{ page.url }}#keterangan"" data-toggle=""tab"" title=""Keterangan"">Keterangan</a></li>        
       </ul>
      </div>
      <div class=""tab-content"">
       <div class=""tab-pane fade active in"" id=""keterangan"" >
        <div class=""col-sm-12"">
         <h2>{{ page.product }}</h2>         
         <ol class=""breadcrumb"">
            <li class=""active"">Tag :</li>
            <li><a href=""{{ site.url }}/{{ page.jenis }}"" title=""{{ page.jenis }}"">{{ page.jenis }}</a></li>
            <li><a href=""{{ site.url }}/{{ page.brand }}"" title=""{{ page.brand }}"">{{ page.brand }}</a></li>  
         </ol>         
         <p>Tampil trendy dengan Sepatu Boots Pria merek Catenzo. Brand fashion asal Bandung. Cocok untuk hadiah orang yang Anda sayangi agar terlihat lebih gaya, tampil berbeda dan percaya diri. Sepatu Boots Pria - GG 003 dengan bahan SYNTHETIC ini dijamin awet.<br/>Kode : GG 003<br/>Warna : HITAM<br/>Bahan : SYNTHETIC<br/>Ukuran : 39 - 43<br/>Berat : 1.4 kg<br/>Sol : RUBBER<br/>Heels : <br>
         </p>

         <p style=""background-color: #5cb85c; color: #ffffff; padding: 5px; text-align: center; display: inline-block; box-shadow: 0 1px 3px rgba(0,0,0,0.12), 0 1px 2px rgba(0,0,0,0.24);"">
         Gudang : WRH-1<br>
         Lokasi : Bandung</p>

         {% include share.html %}

         {% include disqus.html %}
         
        </div>
       </div>       
       
      </div>
     </div><!--/category-tab-->",2017-08-23,html,sepatu-boots-pria,catenzo,sepatu-boots-pria,catenzo,"Sepatu Boots Pria Bahan SYNTHETIC, Ukuran 39 - 43, Warna HITAM",https://images.lipatan.com/katalog-catenzo-2017/foto-produk-satuan/72-gg-003.jpg,Sepatu Boots Pria - GG 003,Rp 184.900,GG 003,Baru
Jual Sepatu Boots Pria - GG 001 Murah,sepatu-boots-pria-gg-001,"
     <div class=""product-details""><!--product-details-->
      <div class=""col-sm-5"">
       <div class=""view-product"">
        <img src=""{{ page.image }}"" alt=""{{ page.product }}"" title=""{{ page.product }}"" />
        <h3><a style=""text-decoration: none; color: #ffffff"" href=""{{ page.image }}"" target=""_blank"" title=""Klik disini untuk memperbesar"">ZOOM</a></h3>
       </div>
      </div>

      <div class=""col-sm-7"">
       <div class=""product-information""><!--/product-information-->
        <h1>{{ page.product }}</h1>
        <p>SKU: {{ page.sku }}</p>
        <img src=""{{ site.url }}/img/rating.png"" alt=""rating"" title=""rating"" /><br>
        <span>
         <span>{{ page.price }}</span>        
         <label>Stok:<a href=""http://stok.lipatan.com"" target=""_blank"" title=""Cek Stok"">
          <script type=""text/javascript"">
          <!--
          document.write(unescape('%3c%62%75%74%74%6f%6e%20%74%79%70%65%3d%22%62%75%74%74%6f%6e%22%20%63%6c%61%73%73%3d%22%62%74%6e%20%62%74%6e%2d%66%65%66%61%75%6c%74%20%63%61%72%74%22%3e%09%09%09%09%09%09%09%09%09%09%3c%69%20%63%6c%61%73%73%3d%22%66%61%20%66%61%2d%73%68%6f%70%70%69%6e%67%2d%63%61%72%74%22%3e%3c%2f%69%3e%09%09%09%09%09%09%09%09%09%09%43%65%6b%20%53%74%6f%6b%3c%2f%62%75%74%74%6f%6e%3e'));
          //-->
          </script>
          </a>
         </label>
        </span>
        <p><b>Kondisi:</b> {{ page.kondisi }}</p>
        <p><b>Deskripsi:</b> {{ page.description }}</p>
        {% include buy.html %}
       </div><!--/product-information-->
      </div>
     </div><!--/product-details-->
     
     <div class=""category-tab shop-details-tab""><!--category-tab-->
      <div class=""col-sm-12"">
       <ul class=""nav nav-tabs"">
        <li class=""active""><a href=""{{ site.url }}{{ page.url }}#keterangan"" data-toggle=""tab"" title=""Keterangan"">Keterangan</a></li>        
       </ul>
      </div>
      <div class=""tab-content"">
       <div class=""tab-pane fade active in"" id=""keterangan"" >
        <div class=""col-sm-12"">
         <h2>{{ page.product }}</h2>         
         <ol class=""breadcrumb"">
            <li class=""active"">Tag :</li>
            <li><a href=""{{ site.url }}/{{ page.jenis }}"" title=""{{ page.jenis }}"">{{ page.jenis }}</a></li>
            <li><a href=""{{ site.url }}/{{ page.brand }}"" title=""{{ page.brand }}"">{{ page.brand }}</a></li>  
         </ol>         
         <p>Tampil trendy dengan Sepatu Boots Pria merek Catenzo. Brand fashion asal Bandung. Cocok untuk hadiah orang yang Anda sayangi agar terlihat lebih gaya, tampil berbeda dan percaya diri. Sepatu Boots Pria - GG 001 dengan bahan SYNTHETIC ini dijamin awet.<br/>Kode : GG 001<br/>Warna : HITAM<br/>Bahan : SYNTHETIC<br/>Ukuran : 39 - 43<br/>Berat : 1.4 kg<br/>Sol : RUBBER<br/>Heels : <br>
         </p>

         <p style=""background-color: #5cb85c; color: #ffffff; padding: 5px; text-align: center; display: inline-block; box-shadow: 0 1px 3px rgba(0,0,0,0.12), 0 1px 2px rgba(0,0,0,0.24);"">
         Gudang : WRH-1<br>
         Lokasi : Bandung</p>

         {% include share.html %}

         {% include disqus.html %}
         
        </div>
       </div>       
       
      </div>
     </div><!--/category-tab-->",2017-08-23,html,sepatu-boots-pria,catenzo,sepatu-boots-pria,catenzo,"Sepatu Boots Pria Bahan SYNTHETIC, Ukuran 39 - 43, Warna HITAM",https://images.lipatan.com/katalog-catenzo-2017/foto-produk-satuan/73-gg-001.jpg,Sepatu Boots Pria - GG 001,Rp 177.400,GG 001,Baru
Jual Sepatu Boots Pria - MP 002 Murah,sepatu-boots-pria-mp-002,"
     <div class=""product-details""><!--product-details-->
      <div class=""col-sm-5"">
       <div class=""view-product"">
        <img src=""{{ page.image }}"" alt=""{{ page.product }}"" title=""{{ page.product }}"" />
        <h3><a style=""text-decoration: none; color: #ffffff"" href=""{{ page.image }}"" target=""_blank"" title=""Klik disini untuk memperbesar"">ZOOM</a></h3>
       </div>
      </div>

      <div class=""col-sm-7"">
       <div class=""product-information""><!--/product-information-->
        <h1>{{ page.product }}</h1>
        <p>SKU: {{ page.sku }}</p>
        <img src=""{{ site.url }}/img/rating.png"" alt=""rating"" title=""rating"" /><br>
        <span>
         <span>{{ page.price }}</span>        
         <label>Stok:<a href=""http://stok.lipatan.com"" target=""_blank"" title=""Cek Stok"">
          <script type=""text/javascript"">
          <!--
          document.write(unescape('%3c%62%75%74%74%6f%6e%20%74%79%70%65%3d%22%62%75%74%74%6f%6e%22%20%63%6c%61%73%73%3d%22%62%74%6e%20%62%74%6e%2d%66%65%66%61%75%6c%74%20%63%61%72%74%22%3e%09%09%09%09%09%09%09%09%09%09%3c%69%20%63%6c%61%73%73%3d%22%66%61%20%66%61%2d%73%68%6f%70%70%69%6e%67%2d%63%61%72%74%22%3e%3c%2f%69%3e%09%09%09%09%09%09%09%09%09%09%43%65%6b%20%53%74%6f%6b%3c%2f%62%75%74%74%6f%6e%3e'));
          //-->
          </script>
          </a>
         </label>
        </span>
        <p><b>Kondisi:</b> {{ page.kondisi }}</p>
        <p><b>Deskripsi:</b> {{ page.description }}</p>
        {% include buy.html %}
       </div><!--/product-information-->
      </div>
     </div><!--/product-details-->
     
     <div class=""category-tab shop-details-tab""><!--category-tab-->
      <div class=""col-sm-12"">
       <ul class=""nav nav-tabs"">
        <li class=""active""><a href=""{{ site.url }}{{ page.url }}#keterangan"" data-toggle=""tab"" title=""Keterangan"">Keterangan</a></li>        
       </ul>
      </div>
      <div class=""tab-content"">
       <div class=""tab-pane fade active in"" id=""keterangan"" >
        <div class=""col-sm-12"">
         <h2>{{ page.product }}</h2>         
         <ol class=""breadcrumb"">
            <li class=""active"">Tag :</li>
            <li><a href=""{{ site.url }}/{{ page.jenis }}"" title=""{{ page.jenis }}"">{{ page.jenis }}</a></li>
            <li><a href=""{{ site.url }}/{{ page.brand }}"" title=""{{ page.brand }}"">{{ page.brand }}</a></li>  
         </ol>         
         <p>Tampil trendy dengan Sepatu Boots Pria merek Catenzo. Brand fashion asal Bandung. Cocok untuk hadiah orang yang Anda sayangi agar terlihat lebih gaya, tampil berbeda dan percaya diri. Sepatu Boots Pria - MP 002 dengan bahan LEATHER ini dijamin awet.<br/>Kode : MP 002<br/>Warna : HITAM<br/>Bahan : LEATHER<br/>Ukuran : 38 - 43<br/>Berat : 1.4 kg<br/>Sol : TPR<br/>Heels : <br>
         </p>

         <p style=""background-color: #5cb85c; color: #ffffff; padding: 5px; text-align: center; display: inline-block; box-shadow: 0 1px 3px rgba(0,0,0,0.12), 0 1px 2px rgba(0,0,0,0.24);"">
         Gudang : WRH-1<br>
         Lokasi : Bandung</p>

         {% include share.html %}

         {% include disqus.html %}
         
        </div>
       </div>       
       
      </div>
     </div><!--/category-tab-->",2017-08-23,html,sepatu-boots-pria,catenzo,sepatu-boots-pria,catenzo,"Sepatu Boots Pria Bahan LEATHER, Ukuran 38 - 43, Warna HITAM",https://images.lipatan.com/katalog-catenzo-2017/foto-produk-satuan/74-mp-002.jpg,Sepatu Boots Pria - MP 002,Rp 267.400,MP 002,Baru
Jual Sepatu Boots Casual Pria - RMP 069 Murah,sepatu-boots-casual-pria-rmp-069,"
     <div class=""product-details""><!--product-details-->
      <div class=""col-sm-5"">
       <div class=""view-product"">
        <img src=""{{ page.image }}"" alt=""{{ page.product }}"" title=""{{ page.product }}"" />
        <h3><a style=""text-decoration: none; color: #ffffff"" href=""{{ page.image }}"" target=""_blank"" title=""Klik disini untuk memperbesar"">ZOOM</a></h3>
       </div>
      </div>

      <div class=""col-sm-7"">
       <div class=""product-information""><!--/product-information-->
        <h1>{{ page.product }}</h1>
        <p>SKU: {{ page.sku }}</p>
        <img src=""{{ site.url }}/img/rating.png"" alt=""rating"" title=""rating"" /><br>
        <span>
         <span>{{ page.price }}</span>        
         <label>Stok:<a href=""http://stok.lipatan.com"" target=""_blank"" title=""Cek Stok"">
          <script type=""text/javascript"">
          <!--
          document.write(unescape('%3c%62%75%74%74%6f%6e%20%74%79%70%65%3d%22%62%75%74%74%6f%6e%22%20%63%6c%61%73%73%3d%22%62%74%6e%20%62%74%6e%2d%66%65%66%61%75%6c%74%20%63%61%72%74%22%3e%09%09%09%09%09%09%09%09%09%09%3c%69%20%63%6c%61%73%73%3d%22%66%61%20%66%61%2d%73%68%6f%70%70%69%6e%67%2d%63%61%72%74%22%3e%3c%2f%69%3e%09%09%09%09%09%09%09%09%09%09%43%65%6b%20%53%74%6f%6b%3c%2f%62%75%74%74%6f%6e%3e'));
          //-->
          </script>
          </a>
         </label>
        </span>
        <p><b>Kondisi:</b> {{ page.kondisi }}</p>
        <p><b>Deskripsi:</b> {{ page.description }}</p>
        {% include buy.html %}
       </div><!--/product-information-->
      </div>
     </div><!--/product-details-->
     
     <div class=""category-tab shop-details-tab""><!--category-tab-->
      <div class=""col-sm-12"">
       <ul class=""nav nav-tabs"">
        <li class=""active""><a href=""{{ site.url }}{{ page.url }}#keterangan"" data-toggle=""tab"" title=""Keterangan"">Keterangan</a></li>        
       </ul>
      </div>
      <div class=""tab-content"">
       <div class=""tab-pane fade active in"" id=""keterangan"" >
        <div class=""col-sm-12"">
         <h2>{{ page.product }}</h2>         
         <ol class=""breadcrumb"">
            <li class=""active"">Tag :</li>
            <li><a href=""{{ site.url }}/{{ page.jenis }}"" title=""{{ page.jenis }}"">{{ page.jenis }}</a></li>
            <li><a href=""{{ site.url }}/{{ page.brand }}"" title=""{{ page.brand }}"">{{ page.brand }}</a></li>  
         </ol>         
         <p>Tampil trendy dengan Sepatu Boots Pria merek Raindoz. Brand fashion asal Bandung. Cocok untuk hadiah orang yang Anda sayangi agar terlihat lebih gaya, tampil berbeda dan percaya diri. Sepatu Boots Casual Pria - RMP 069 dengan bahan KULIT ini dijamin awet.<br/>Kode : RMP 069<br/>Warna : COKLAT<br/>Bahan : KULIT<br/>Ukuran : 38 - 43<br/>Berat : 1.4 kg<br/>Sol : SOL KARET<br/>Heels : <br>
         </p>

         <p style=""background-color: #5cb85c; color: #ffffff; padding: 5px; text-align: center; display: inline-block; box-shadow: 0 1px 3px rgba(0,0,0,0.12), 0 1px 2px rgba(0,0,0,0.24);"">
         Gudang : WRH-1<br>
         Lokasi : Bandung</p>

         {% include share.html %}

         {% include disqus.html %}
         
        </div>
       </div>       
       
      </div>
     </div><!--/category-tab-->",2017-08-25,html,sepatu-boots-pria,raindoz,sepatu-boots-pria,raindoz,"Sepatu Boots Pria Bahan KULIT, Ukuran 38 - 43, Warna COKLAT",https://images.lipatan.com/katalog-raindoz-2017/foto-produk-satuan/252-rmp-069.jpg,Sepatu Boots Casual Pria - RMP 069,Rp 261.900,RMP 069,Baru
Jual Sepatu Boots Casual Pria - RAG 4816 Murah,sepatu-boots-casual-pria-rag-4816,"
     <div class=""product-details""><!--product-details-->
      <div class=""col-sm-5"">
       <div class=""view-product"">
        <img src=""{{ page.image }}"" alt=""{{ page.product }}"" title=""{{ page.product }}"" />
        <h3><a style=""text-decoration: none; color: #ffffff"" href=""{{ page.image }}"" target=""_blank"" title=""Klik disini untuk memperbesar"">ZOOM</a></h3>
       </div>
      </div>

      <div class=""col-sm-7"">
       <div class=""product-information""><!--/product-information-->
        <h1>{{ page.product }}</h1>
        <p>SKU: {{ page.sku }}</p>
        <img src=""{{ site.url }}/img/rating.png"" alt=""rating"" title=""rating"" /><br>
        <span>
         <span>{{ page.price }}</span>        
         <label>Stok:<a href=""http://stok.lipatan.com"" target=""_blank"" title=""Cek Stok"">
          <script type=""text/javascript"">
          <!--
          document.write(unescape('%3c%62%75%74%74%6f%6e%20%74%79%70%65%3d%22%62%75%74%74%6f%6e%22%20%63%6c%61%73%73%3d%22%62%74%6e%20%62%74%6e%2d%66%65%66%61%75%6c%74%20%63%61%72%74%22%3e%09%09%09%09%09%09%09%09%09%09%3c%69%20%63%6c%61%73%73%3d%22%66%61%20%66%61%2d%73%68%6f%70%70%69%6e%67%2d%63%61%72%74%22%3e%3c%2f%69%3e%09%09%09%09%09%09%09%09%09%09%43%65%6b%20%53%74%6f%6b%3c%2f%62%75%74%74%6f%6e%3e'));
          //-->
          </script>
          </a>
         </label>
        </span>
        <p><b>Kondisi:</b> {{ page.kondisi }}</p>
        <p><b>Deskripsi:</b> {{ page.description }}</p>
        {% include buy.html %}
       </div><!--/product-information-->
      </div>
     </div><!--/product-details-->
     
     <div class=""category-tab shop-details-tab""><!--category-tab-->
      <div class=""col-sm-12"">
       <ul class=""nav nav-tabs"">
        <li class=""active""><a href=""{{ site.url }}{{ page.url }}#keterangan"" data-toggle=""tab"" title=""Keterangan"">Keterangan</a></li>        
       </ul>
      </div>
      <div class=""tab-content"">
       <div class=""tab-pane fade active in"" id=""keterangan"" >
        <div class=""col-sm-12"">
         <h2>{{ page.product }}</h2>         
         <ol class=""breadcrumb"">
            <li class=""active"">Tag :</li>
            <li><a href=""{{ site.url }}/{{ page.jenis }}"" title=""{{ page.jenis }}"">{{ page.jenis }}</a></li>
            <li><a href=""{{ site.url }}/{{ page.brand }}"" title=""{{ page.brand }}"">{{ page.brand }}</a></li>  
         </ol>         
         <p>Tampil trendy dengan Sepatu Boots Pria merek Raindoz. Brand fashion asal Bandung. Cocok untuk hadiah orang yang Anda sayangi agar terlihat lebih gaya, tampil berbeda dan percaya diri. Sepatu Boots Casual Pria - RAG 4816 dengan bahan SINTETIS ini dijamin awet.<br/>Kode : RAG 4816<br/>Warna : HITAM<br/>Bahan : SINTETIS<br/>Ukuran : 38 - 43<br/>Berat : 1.4 kg<br/>Sol : SOL TPR<br/>Heels : <br>
         </p>

         <p style=""background-color: #5cb85c; color: #ffffff; padding: 5px; text-align: center; display: inline-block; box-shadow: 0 1px 3px rgba(0,0,0,0.12), 0 1px 2px rgba(0,0,0,0.24);"">
         Gudang : WRH-1<br>
         Lokasi : Bandung</p>

         {% include share.html %}

         {% include disqus.html %}
         
        </div>
       </div>       
       
      </div>
     </div><!--/category-tab-->",2017-08-25,html,sepatu-boots-pria,raindoz,sepatu-boots-pria,raindoz,"Sepatu Boots Pria Bahan SINTETIS, Ukuran 38 - 43, Warna HITAM",https://images.lipatan.com/katalog-raindoz-2017/foto-produk-satuan/253-rag-4816.jpg,Sepatu Boots Casual Pria - RAG 4816,Rp 128.400,RAG 4816,Baru
Jual Sepatu Boots Casual Pria - RMP 094 Murah,sepatu-boots-casual-pria-rmp-094,"
     <div class=""product-details""><!--product-details-->
      <div class=""col-sm-5"">
       <div class=""view-product"">
        <img src=""{{ page.image }}"" alt=""{{ page.product }}"" title=""{{ page.product }}"" />
        <h3><a style=""text-decoration: none; color: #ffffff"" href=""{{ page.image }}"" target=""_blank"" title=""Klik disini untuk memperbesar"">ZOOM</a></h3>
       </div>
      </div>

      <div class=""col-sm-7"">
       <div class=""product-information""><!--/product-information-->
        <h1>{{ page.product }}</h1>
        <p>SKU: {{ page.sku }}</p>
        <img src=""{{ site.url }}/img/rating.png"" alt=""rating"" title=""rating"" /><br>
        <span>
         <span>{{ page.price }}</span>        
         <label>Stok:<a href=""http://stok.lipatan.com"" target=""_blank"" title=""Cek Stok"">
          <script type=""text/javascript"">
          <!--
          document.write(unescape('%3c%62%75%74%74%6f%6e%20%74%79%70%65%3d%22%62%75%74%74%6f%6e%22%20%63%6c%61%73%73%3d%22%62%74%6e%20%62%74%6e%2d%66%65%66%61%75%6c%74%20%63%61%72%74%22%3e%09%09%09%09%09%09%09%09%09%09%3c%69%20%63%6c%61%73%73%3d%22%66%61%20%66%61%2d%73%68%6f%70%70%69%6e%67%2d%63%61%72%74%22%3e%3c%2f%69%3e%09%09%09%09%09%09%09%09%09%09%43%65%6b%20%53%74%6f%6b%3c%2f%62%75%74%74%6f%6e%3e'));
          //-->
          </script>
          </a>
         </label>
        </span>
        <p><b>Kondisi:</b> {{ page.kondisi }}</p>
        <p><b>Deskripsi:</b> {{ page.description }}</p>
        {% include buy.html %}
       </div><!--/product-information-->
      </div>
     </div><!--/product-details-->
     
     <div class=""category-tab shop-details-tab""><!--category-tab-->
      <div class=""col-sm-12"">
       <ul class=""nav nav-tabs"">
        <li class=""active""><a href=""{{ site.url }}{{ page.url }}#keterangan"" data-toggle=""tab"" title=""Keterangan"">Keterangan</a></li>        
       </ul>
      </div>
      <div class=""tab-content"">
       <div class=""tab-pane fade active in"" id=""keterangan"" >
        <div class=""col-sm-12"">
         <h2>{{ page.product }}</h2>         
         <ol class=""breadcrumb"">
            <li class=""active"">Tag :</li>
            <li><a href=""{{ site.url }}/{{ page.jenis }}"" title=""{{ page.jenis }}"">{{ page.jenis }}</a></li>
            <li><a href=""{{ site.url }}/{{ page.brand }}"" title=""{{ page.brand }}"">{{ page.brand }}</a></li>  
         </ol>         
         <p>Tampil trendy dengan Sepatu Boots Pria merek Raindoz. Brand fashion asal Bandung. Cocok untuk hadiah orang yang Anda sayangi agar terlihat lebih gaya, tampil berbeda dan percaya diri. Sepatu Boots Casual Pria - RMP 094 dengan bahan KULIT ini dijamin awet.<br/>Kode : RMP 094<br/>Warna : COKLAT<br/>Bahan : KULIT<br/>Ukuran : 38 - 43<br/>Berat : 1.4 kg<br/>Sol : SOL KARET<br/>Heels : <br>
         </p>

         <p style=""background-color: #5cb85c; color: #ffffff; padding: 5px; text-align: center; display: inline-block; box-shadow: 0 1px 3px rgba(0,0,0,0.12), 0 1px 2px rgba(0,0,0,0.24);"">
         Gudang : WRH-1<br>
         Lokasi : Bandung</p>

         {% include share.html %}

         {% include disqus.html %}
         
        </div>
       </div>       
       
      </div>
     </div><!--/category-tab-->",2017-08-25,html,sepatu-boots-pria,raindoz,sepatu-boots-pria,raindoz,"Sepatu Boots Pria Bahan KULIT, Ukuran 38 - 43, Warna COKLAT",https://images.lipatan.com/katalog-raindoz-2017/foto-produk-satuan/254-rmp-094.jpg,Sepatu Boots Casual Pria - RMP 094,Rp 294.900,RMP 094,Baru
Jual Sepatu Boots Casual Pria - RLI 027 Murah,sepatu-boots-casual-pria-rli-027,"
     <div class=""product-details""><!--product-details-->
      <div class=""col-sm-5"">
       <div class=""view-product"">
        <img src=""{{ page.image }}"" alt=""{{ page.product }}"" title=""{{ page.product }}"" />
        <h3><a style=""text-decoration: none; color: #ffffff"" href=""{{ page.image }}"" target=""_blank"" title=""Klik disini untuk memperbesar"">ZOOM</a></h3>
       </div>
      </div>

      <div class=""col-sm-7"">
       <div class=""product-information""><!--/product-information-->
        <h1>{{ page.product }}</h1>
        <p>SKU: {{ page.sku }}</p>
        <img src=""{{ site.url }}/img/rating.png"" alt=""rating"" title=""rating"" /><br>
        <span>
         <span>{{ page.price }}</span>        
         <label>Stok:<a href=""http://stok.lipatan.com"" target=""_blank"" title=""Cek Stok"">
          <script type=""text/javascript"">
          <!--
          document.write(unescape('%3c%62%75%74%74%6f%6e%20%74%79%70%65%3d%22%62%75%74%74%6f%6e%22%20%63%6c%61%73%73%3d%22%62%74%6e%20%62%74%6e%2d%66%65%66%61%75%6c%74%20%63%61%72%74%22%3e%09%09%09%09%09%09%09%09%09%09%3c%69%20%63%6c%61%73%73%3d%22%66%61%20%66%61%2d%73%68%6f%70%70%69%6e%67%2d%63%61%72%74%22%3e%3c%2f%69%3e%09%09%09%09%09%09%09%09%09%09%43%65%6b%20%53%74%6f%6b%3c%2f%62%75%74%74%6f%6e%3e'));
          //-->
          </script>
          </a>
         </label>
        </span>
        <p><b>Kondisi:</b> {{ page.kondisi }}</p>
        <p><b>Deskripsi:</b> {{ page.description }}</p>
        {% include buy.html %}
       </div><!--/product-information-->
      </div>
     </div><!--/product-details-->
     
     <div class=""category-tab shop-details-tab""><!--category-tab-->
      <div class=""col-sm-12"">
       <ul class=""nav nav-tabs"">
        <li class=""active""><a href=""{{ site.url }}{{ page.url }}#keterangan"" data-toggle=""tab"" title=""Keterangan"">Keterangan</a></li>        
       </ul>
      </div>
      <div class=""tab-content"">
       <div class=""tab-pane fade active in"" id=""keterangan"" >
        <div class=""col-sm-12"">
         <h2>{{ page.product }}</h2>         
         <ol class=""breadcrumb"">
            <li class=""active"">Tag :</li>
            <li><a href=""{{ site.url }}/{{ page.jenis }}"" title=""{{ page.jenis }}"">{{ page.jenis }}</a></li>
            <li><a href=""{{ site.url }}/{{ page.brand }}"" title=""{{ page.brand }}"">{{ page.brand }}</a></li>  
         </ol>         
         <p>Tampil trendy dengan Sepatu Boots Pria merek Raindoz. Brand fashion asal Bandung. Cocok untuk hadiah orang yang Anda sayangi agar terlihat lebih gaya, tampil berbeda dan percaya diri. Sepatu Boots Casual Pria - RLI 027 dengan bahan KULIT ini dijamin awet.<br/>Kode : RLI 027<br/>Warna : MARUN<br/>Bahan : KULIT<br/>Ukuran : 38 - 43<br/>Berat : 1.4 kg<br/>Sol : SOL TPR<br/>Heels : <br>
         </p>

         <p style=""background-color: #5cb85c; color: #ffffff; padding: 5px; text-align: center; display: inline-block; box-shadow: 0 1px 3px rgba(0,0,0,0.12), 0 1px 2px rgba(0,0,0,0.24);"">
         Gudang : WRH-1<br>
         Lokasi : Bandung</p>

         {% include share.html %}

         {% include disqus.html %}
         
        </div>
       </div>       
       
      </div>
     </div><!--/category-tab-->",2017-08-25,html,sepatu-boots-pria,raindoz,sepatu-boots-pria,raindoz,"Sepatu Boots Pria Bahan KULIT, Ukuran 38 - 43, Warna MARUN",https://images.lipatan.com/katalog-raindoz-2017/foto-produk-satuan/255-rli-027.jpg,Sepatu Boots Casual Pria - RLI 027,Rp 244.400,RLI 027,Baru
Jual Sepatu Boots Casual Pria - RMP 163 Murah,sepatu-boots-casual-pria-rmp-163,"
     <div class=""product-details""><!--product-details-->
      <div class=""col-sm-5"">
       <div class=""view-product"">
        <img src=""{{ page.image }}"" alt=""{{ page.product }}"" title=""{{ page.product }}"" />
        <h3><a style=""text-decoration: none; color: #ffffff"" href=""{{ page.image }}"" target=""_blank"" title=""Klik disini untuk memperbesar"">ZOOM</a></h3>
       </div>
      </div>

      <div class=""col-sm-7"">
       <div class=""product-information""><!--/product-information-->
        <h1>{{ page.product }}</h1>
        <p>SKU: {{ page.sku }}</p>
        <img src=""{{ site.url }}/img/rating.png"" alt=""rating"" title=""rating"" /><br>
        <span>
         <span>{{ page.price }}</span>        
         <label>Stok:<a href=""http://stok.lipatan.com"" target=""_blank"" title=""Cek Stok"">
          <script type=""text/javascript"">
          <!--
          document.write(unescape('%3c%62%75%74%74%6f%6e%20%74%79%70%65%3d%22%62%75%74%74%6f%6e%22%20%63%6c%61%73%73%3d%22%62%74%6e%20%62%74%6e%2d%66%65%66%61%75%6c%74%20%63%61%72%74%22%3e%09%09%09%09%09%09%09%09%09%09%3c%69%20%63%6c%61%73%73%3d%22%66%61%20%66%61%2d%73%68%6f%70%70%69%6e%67%2d%63%61%72%74%22%3e%3c%2f%69%3e%09%09%09%09%09%09%09%09%09%09%43%65%6b%20%53%74%6f%6b%3c%2f%62%75%74%74%6f%6e%3e'));
          //-->
          </script>
          </a>
         </label>
        </span>
        <p><b>Kondisi:</b> {{ page.kondisi }}</p>
        <p><b>Deskripsi:</b> {{ page.description }}</p>
        {% include buy.html %}
       </div><!--/product-information-->
      </div>
     </div><!--/product-details-->
     
     <div class=""category-tab shop-details-tab""><!--category-tab-->
      <div class=""col-sm-12"">
       <ul class=""nav nav-tabs"">
        <li class=""active""><a href=""{{ site.url }}{{ page.url }}#keterangan"" data-toggle=""tab"" title=""Keterangan"">Keterangan</a></li>        
       </ul>
      </div>
      <div class=""tab-content"">
       <div class=""tab-pane fade active in"" id=""keterangan"" >
        <div class=""col-sm-12"">
         <h2>{{ page.product }}</h2>         
         <ol class=""breadcrumb"">
            <li class=""active"">Tag :</li>
            <li><a href=""{{ site.url }}/{{ page.jenis }}"" title=""{{ page.jenis }}"">{{ page.jenis }}</a></li>
            <li><a href=""{{ site.url }}/{{ page.brand }}"" title=""{{ page.brand }}"">{{ page.brand }}</a></li>  
         </ol>         
         <p>Tampil trendy dengan Sepatu Boots Pria merek Raindoz. Brand fashion asal Bandung. Cocok untuk hadiah orang yang Anda sayangi agar terlihat lebih gaya, tampil berbeda dan percaya diri. Sepatu Boots Casual Pria - RMP 163 dengan bahan KULIT ini dijamin awet.<br/>Kode : RMP 163<br/>Warna : HITAM<br/>Bahan : KULIT<br/>Ukuran : 38 - 43<br/>Berat : 1.4 kg<br/>Sol : SOL TPR<br/>Heels : <br>
         </p>

         <p style=""background-color: #5cb85c; color: #ffffff; padding: 5px; text-align: center; display: inline-block; box-shadow: 0 1px 3px rgba(0,0,0,0.12), 0 1px 2px rgba(0,0,0,0.24);"">
         Gudang : WRH-1<br>
         Lokasi : Bandung</p>

         {% include share.html %}

         {% include disqus.html %}
         
        </div>
       </div>       
       
      </div>
     </div><!--/category-tab-->",2017-08-25,html,sepatu-boots-pria,raindoz,sepatu-boots-pria,raindoz,"Sepatu Boots Pria Bahan KULIT, Ukuran 38 - 43, Warna HITAM",https://images.lipatan.com/katalog-raindoz-2017/foto-produk-satuan/256-rmp-163.jpg,Sepatu Boots Casual Pria - RMP 163,Rp 303.900,RMP 163,Baru
Jual Sepatu Boots Casual Pria - RMP 137 Murah,sepatu-boots-casual-pria-rmp-137,"
     <div class=""product-details""><!--product-details-->
      <div class=""col-sm-5"">
       <div class=""view-product"">
        <img src=""{{ page.image }}"" alt=""{{ page.product }}"" title=""{{ page.product }}"" />
        <h3><a style=""text-decoration: none; color: #ffffff"" href=""{{ page.image }}"" target=""_blank"" title=""Klik disini untuk memperbesar"">ZOOM</a></h3>
       </div>
      </div>

      <div class=""col-sm-7"">
       <div class=""product-information""><!--/product-information-->
        <h1>{{ page.product }}</h1>
        <p>SKU: {{ page.sku }}</p>
        <img src=""{{ site.url }}/img/rating.png"" alt=""rating"" title=""rating"" /><br>
        <span>
         <span>{{ page.price }}</span>        
         <label>Stok:<a href=""http://stok.lipatan.com"" target=""_blank"" title=""Cek Stok"">
          <script type=""text/javascript"">
          <!--
          document.write(unescape('%3c%62%75%74%74%6f%6e%20%74%79%70%65%3d%22%62%75%74%74%6f%6e%22%20%63%6c%61%73%73%3d%22%62%74%6e%20%62%74%6e%2d%66%65%66%61%75%6c%74%20%63%61%72%74%22%3e%09%09%09%09%09%09%09%09%09%09%3c%69%20%63%6c%61%73%73%3d%22%66%61%20%66%61%2d%73%68%6f%70%70%69%6e%67%2d%63%61%72%74%22%3e%3c%2f%69%3e%09%09%09%09%09%09%09%09%09%09%43%65%6b%20%53%74%6f%6b%3c%2f%62%75%74%74%6f%6e%3e'));
          //-->
          </script>
          </a>
         </label>
        </span>
        <p><b>Kondisi:</b> {{ page.kondisi }}</p>
        <p><b>Deskripsi:</b> {{ page.description }}</p>
        {% include buy.html %}
       </div><!--/product-information-->
      </div>
     </div><!--/product-details-->
     
     <div class=""category-tab shop-details-tab""><!--category-tab-->
      <div class=""col-sm-12"">
       <ul class=""nav nav-tabs"">
        <li class=""active""><a href=""{{ site.url }}{{ page.url }}#keterangan"" data-toggle=""tab"" title=""Keterangan"">Keterangan</a></li>        
       </ul>
      </div>
      <div class=""tab-content"">
       <div class=""tab-pane fade active in"" id=""keterangan"" >
        <div class=""col-sm-12"">
         <h2>{{ page.product }}</h2>         
         <ol class=""breadcrumb"">
            <li class=""active"">Tag :</li>
            <li><a href=""{{ site.url }}/{{ page.jenis }}"" title=""{{ page.jenis }}"">{{ page.jenis }}</a></li>
            <li><a href=""{{ site.url }}/{{ page.brand }}"" title=""{{ page.brand }}"">{{ page.brand }}</a></li>  
         </ol>         
         <p>Tampil trendy dengan Sepatu Boots Pria merek Raindoz. Brand fashion asal Bandung. Cocok untuk hadiah orang yang Anda sayangi agar terlihat lebih gaya, tampil berbeda dan percaya diri. Sepatu Boots Casual Pria - RMP 137 dengan bahan KULIT ini dijamin awet.<br/>Kode : RMP 137<br/>Warna : COKLAT<br/>Bahan : KULIT<br/>Ukuran : 38 - 43<br/>Berat : 1.4 kg<br/>Sol : SOL KARET<br/>Heels : <br>
         </p>

         <p style=""background-color: #5cb85c; color: #ffffff; padding: 5px; text-align: center; display: inline-block; box-shadow: 0 1px 3px rgba(0,0,0,0.12), 0 1px 2px rgba(0,0,0,0.24);"">
         Gudang : WRH-1<br>
         Lokasi : Bandung</p>

         {% include share.html %}

         {% include disqus.html %}
         
        </div>
       </div>       
       
      </div>
     </div><!--/category-tab-->",2017-08-25,html,sepatu-boots-pria,raindoz,sepatu-boots-pria,raindoz,"Sepatu Boots Pria Bahan KULIT, Ukuran 38 - 43, Warna COKLAT",https://images.lipatan.com/katalog-raindoz-2017/foto-produk-satuan/257-rmp-137.jpg,Sepatu Boots Casual Pria - RMP 137,Rp 338.400,RMP 137,Baru
Jual Sepatu Boots Casual Pria - RJM 516 Murah,sepatu-boots-casual-pria-rjm-516,"
     <div class=""product-details""><!--product-details-->
      <div class=""col-sm-5"">
       <div class=""view-product"">
        <img src=""{{ page.image }}"" alt=""{{ page.product }}"" title=""{{ page.product }}"" />
        <h3><a style=""text-decoration: none; color: #ffffff"" href=""{{ page.image }}"" target=""_blank"" title=""Klik disini untuk memperbesar"">ZOOM</a></h3>
       </div>
      </div>

      <div class=""col-sm-7"">
       <div class=""product-information""><!--/product-information-->
        <h1>{{ page.product }}</h1>
        <p>SKU: {{ page.sku }}</p>
        <img src=""{{ site.url }}/img/rating.png"" alt=""rating"" title=""rating"" /><br>
        <span>
         <span>{{ page.price }}</span>        
         <label>Stok:<a href=""http://stok.lipatan.com"" target=""_blank"" title=""Cek Stok"">
          <script type=""text/javascript"">
          <!--
          document.write(unescape('%3c%62%75%74%74%6f%6e%20%74%79%70%65%3d%22%62%75%74%74%6f%6e%22%20%63%6c%61%73%73%3d%22%62%74%6e%20%62%74%6e%2d%66%65%66%61%75%6c%74%20%63%61%72%74%22%3e%09%09%09%09%09%09%09%09%09%09%3c%69%20%63%6c%61%73%73%3d%22%66%61%20%66%61%2d%73%68%6f%70%70%69%6e%67%2d%63%61%72%74%22%3e%3c%2f%69%3e%09%09%09%09%09%09%09%09%09%09%43%65%6b%20%53%74%6f%6b%3c%2f%62%75%74%74%6f%6e%3e'));
          //-->
          </script>
          </a>
         </label>
        </span>
        <p><b>Kondisi:</b> {{ page.kondisi }}</p>
        <p><b>Deskripsi:</b> {{ page.description }}</p>
        {% include buy.html %}
       </div><!--/product-information-->
      </div>
     </div><!--/product-details-->
     
     <div class=""category-tab shop-details-tab""><!--category-tab-->
      <div class=""col-sm-12"">
       <ul class=""nav nav-tabs"">
        <li class=""active""><a href=""{{ site.url }}{{ page.url }}#keterangan"" data-toggle=""tab"" title=""Keterangan"">Keterangan</a></li>        
       </ul>
      </div>
      <div class=""tab-content"">
       <div class=""tab-pane fade active in"" id=""keterangan"" >
        <div class=""col-sm-12"">
         <h2>{{ page.product }}</h2>         
         <ol class=""breadcrumb"">
            <li class=""active"">Tag :</li>
            <li><a href=""{{ site.url }}/{{ page.jenis }}"" title=""{{ page.jenis }}"">{{ page.jenis }}</a></li>
            <li><a href=""{{ site.url }}/{{ page.brand }}"" title=""{{ page.brand }}"">{{ page.brand }}</a></li>  
         </ol>         
         <p>Tampil trendy dengan Sepatu Boots Pria merek Raindoz. Brand fashion asal Bandung. Cocok untuk hadiah orang yang Anda sayangi agar terlihat lebih gaya, tampil berbeda dan percaya diri. Sepatu Boots Casual Pria - RJM 516 dengan bahan SINTETIS ini dijamin awet.<br/>Kode : RJM 516<br/>Warna : COKLAT<br/>Bahan : SINTETIS<br/>Ukuran : 38 - 43<br/>Berat : 1.4 kg<br/>Sol : SOL TPR<br/>Heels : <br>
         </p>

         <p style=""background-color: #5cb85c; color: #ffffff; padding: 5px; text-align: center; display: inline-block; box-shadow: 0 1px 3px rgba(0,0,0,0.12), 0 1px 2px rgba(0,0,0,0.24);"">
         Gudang : WRH-1<br>
         Lokasi : Bandung</p>

         {% include share.html %}

         {% include disqus.html %}
         
        </div>
       </div>       
       
      </div>
     </div><!--/category-tab-->",2017-08-25,html,sepatu-boots-pria,raindoz,sepatu-boots-pria,raindoz,"Sepatu Boots Pria Bahan SINTETIS, Ukuran 38 - 43, Warna COKLAT",https://images.lipatan.com/katalog-raindoz-2017/foto-produk-satuan/258-rjm-516.jpg,Sepatu Boots Casual Pria - RJM 516,Rp 132.900,RJM 516,Baru
Jual Sepatu Boots Casual Pria - RAG 5555 Murah,sepatu-boots-casual-pria-rag-5555,"
     <div class=""product-details""><!--product-details-->
      <div class=""col-sm-5"">
       <div class=""view-product"">
        <img src=""{{ page.image }}"" alt=""{{ page.product }}"" title=""{{ page.product }}"" />
        <h3><a style=""text-decoration: none; color: #ffffff"" href=""{{ page.image }}"" target=""_blank"" title=""Klik disini untuk memperbesar"">ZOOM</a></h3>
       </div>
      </div>

      <div class=""col-sm-7"">
       <div class=""product-information""><!--/product-information-->
        <h1>{{ page.product }}</h1>
        <p>SKU: {{ page.sku }}</p>
        <img src=""{{ site.url }}/img/rating.png"" alt=""rating"" title=""rating"" /><br>
        <span>
         <span>{{ page.price }}</span>        
         <label>Stok:<a href=""http://stok.lipatan.com"" target=""_blank"" title=""Cek Stok"">
          <script type=""text/javascript"">
          <!--
          document.write(unescape('%3c%62%75%74%74%6f%6e%20%74%79%70%65%3d%22%62%75%74%74%6f%6e%22%20%63%6c%61%73%73%3d%22%62%74%6e%20%62%74%6e%2d%66%65%66%61%75%6c%74%20%63%61%72%74%22%3e%09%09%09%09%09%09%09%09%09%09%3c%69%20%63%6c%61%73%73%3d%22%66%61%20%66%61%2d%73%68%6f%70%70%69%6e%67%2d%63%61%72%74%22%3e%3c%2f%69%3e%09%09%09%09%09%09%09%09%09%09%43%65%6b%20%53%74%6f%6b%3c%2f%62%75%74%74%6f%6e%3e'));
          //-->
          </script>
          </a>
         </label>
        </span>
        <p><b>Kondisi:</b> {{ page.kondisi }}</p>
        <p><b>Deskripsi:</b> {{ page.description }}</p>
        {% include buy.html %}
       </div><!--/product-information-->
      </div>
     </div><!--/product-details-->
     
     <div class=""category-tab shop-details-tab""><!--category-tab-->
      <div class=""col-sm-12"">
       <ul class=""nav nav-tabs"">
        <li class=""active""><a href=""{{ site.url }}{{ page.url }}#keterangan"" data-toggle=""tab"" title=""Keterangan"">Keterangan</a></li>        
       </ul>
      </div>
      <div class=""tab-content"">
       <div class=""tab-pane fade active in"" id=""keterangan"" >
        <div class=""col-sm-12"">
         <h2>{{ page.product }}</h2>         
         <ol class=""breadcrumb"">
            <li class=""active"">Tag :</li>
            <li><a href=""{{ site.url }}/{{ page.jenis }}"" title=""{{ page.jenis }}"">{{ page.jenis }}</a></li>
            <li><a href=""{{ site.url }}/{{ page.brand }}"" title=""{{ page.brand }}"">{{ page.brand }}</a></li>  
         </ol>         
         <p>Tampil trendy dengan Sepatu Boots Pria merek Raindoz. Brand fashion asal Bandung. Cocok untuk hadiah orang yang Anda sayangi agar terlihat lebih gaya, tampil berbeda dan percaya diri. Sepatu Boots Casual Pria - RAG 5555 dengan bahan SINTETIS ini dijamin awet.<br/>Kode : RAG 5555<br/>Warna : TAN<br/>Bahan : SINTETIS<br/>Ukuran : 38 - 43<br/>Berat : 1.4 kg<br/>Sol : SOL TPR<br/>Heels : <br>
         </p>

         <p style=""background-color: #5cb85c; color: #ffffff; padding: 5px; text-align: center; display: inline-block; box-shadow: 0 1px 3px rgba(0,0,0,0.12), 0 1px 2px rgba(0,0,0,0.24);"">
         Gudang : WRH-1<br>
         Lokasi : Bandung</p>

         {% include share.html %}

         {% include disqus.html %}
         
        </div>
       </div>       
       
      </div>
     </div><!--/category-tab-->",2017-08-25,html,sepatu-boots-pria,raindoz,sepatu-boots-pria,raindoz,"Sepatu Boots Pria Bahan SINTETIS, Ukuran 38 - 43, Warna TAN",https://images.lipatan.com/katalog-raindoz-2017/foto-produk-satuan/259-rag-5555.jpg,Sepatu Boots Casual Pria - RAG 5555,Rp 183.400,RAG 5555,Baru
